email,name,roles
zo@heb.kz,Mario Fields,User
kifkejjo@hosnad.fm,Adrian Sullivan,User
ule@be.nr,Josie Copeland,User
metrulco@ah.se,Susie Stevens,User
huehu@bitega.bz,Isaac Hardy,User
lul@luohisa.jm,Christina Newton,User
femakza@ce.fo,Milton Rose,User
savunju@cajibvu.li,Dollie Hunter,User
juvluhgav@fowa.jm,Virgie Schneider,User
ra@wiuttur.io,Loretta Cruz,User
pastorbiw@zajol.ve,Jesse Tucker,User
uzutefel@gocetub.eh,Jorge Norris,User
basfud@oceuniako.an,Maud Price,User
duw@povi.bt,Jordan Lawson,User
doaj@jekwihcih.an,Seth White,User
sege@ojidoh.il,Helena Wells,User
hecekef@ojivogmec.tp,Terry Saunders,User
berrisama@ma.ga,Lizzie Rodgers,User
cubzamu@juzudle.sj,Richard Brady,User
toggado@awuca.ua,Lily Vaughn,User
num@pus.ch,Catherine Mitchell,User
ji@zodejofi.ma,Christopher Todd,User
ha@po.nc,Alberta Stevens,User
hodvapji@kukro.gw,Miguel Pearson,User
fahokko@ac.ht,Della Anderson,User
re@pacuv.eu,Jonathan James,User
wik@tawohi.gr,Mabelle Mitchell,User
curenus@lug.io,Francisco Patton,User
wuvufpu@vovdeppuz.io,Howard Blair,User
wagjikpu@sif.vu,Antonio Erickson,User
josigmot@imreov.mm,Willie Harvey,User
ad@hilre.ua,Rebecca Payne,User
awi@befe.aw,Elizabeth Hunter,User
ara@bija.pm,Phillip Webb,User
pakme@sehso.nz,Erik Washington,User
rihdil@jatdebdo.mv,Nancy Palmer,User
luuke@jaz.jm,Jeffrey Tucker,User
zo@cib.ie,Brett Harvey,User
ijupi@ahauh.lv,Cecelia Poole,User
azetrun@ce.jp,Louis McDaniel,User
hanav@wimnaezu.tm,Georgie Cook,User
cuw@ipu.az,Louise Clayton,User
vuhuhe@dopmo.sx,Margaret Romero,User
decli@we.pw,Cora Wagner,User
zom@cemwikka.ro,Andrew Hunter,User
wuwdaemi@ucbandob.bt,Thomas McBride,User
izri@jusgaku.is,Brian Phillips,User
rod@eg.gi,Abbie Soto,User
obiharhu@iglenfu.nc,Ophelia Ryan,User
ovwime@vejoc.gd,Jackson Blair,User
zeokano@disu.tn,Lulu Taylor,User
fewca@agirogres.sr,Eva Chapman,User
imu@desinnel.tg,Ricky Bishop,User
zuri@kel.gi,Viola Carson,User
piwonus@ko.eh,Ricky George,User
lacedow@rewcod.sa,Lura Robertson,User
kej@jo.bw,Christina Love,User
kiwhi@lumibdo.fo,Joe Steele,User
ecidikel@ecuapa.jm,Justin Santiago,User
pognof@zupu.pl,Lulu Crawford,User
suwek@tasvij.im,Jay Castillo,User
leh@kipgagciz.lu,Sam Pearson,User
woh@li.fo,Georgia Snyder,User
tikodeh@hudpilin.gg,Nannie Franklin,User
burkozzu@ewij.mn,Lee Ford,User
indulub@ovru.iq,Essie Wagner,User
pufa@ajsifkos.gp,Lillian Wright,User
geguzben@fur.ac,Ricardo Arnold,User
ju@ce.cd,Johnny Bowman,User
ra@cave.gov,Lucas Alexander,User
ra@jeh.as,Bertie Harper,User
tisdoz@wukulog.cn,Ella Wise,User
kehmemgab@zo.am,Hattie Boyd,User
gutsuzza@etuov.yt,Grace Stanley,User
elitepe@toadic.gb,Ian Hanson,User
kificez@saude.li,Eula Fields,User
mainu@ref.cm,Rachel Collier,User
vezis@zi.bq,Cody Hall,User
fofhikak@piffuluwe.tp,Millie Lawrence,User
kugubaki@ficon.ht,Matilda McCormick,User
dofme@beskim.fi,Jonathan Reed,User
wufzono@unhi.uz,Sophie Bowman,User
ahu@si.jm,Ann Luna,User
tafsodil@juij.mt,Micheal Santiago,User
tojeccab@cidage.tm,Cornelia Walsh,User
fuli@ese.dj,Lou McBride,User
sasezfa@lad.nc,Ina Terry,User
pova@hu.er,Esther Murray,User
soag@zaw.mu,Sallie Schultz,User
zuno@uphe.gov,Elizabeth Dunn,User
jo@fuj.ht,Maria Burgess,User
mebbod@se.pe,Addie Ryan,User
hefduvo@mupukevo.fm,Tony Adams,User
iw@bawo.bn,Julia Malone,User
cobicu@ci.aw,Eliza Burgess,User
me@ulu.nl,Carolyn Watkins,User
viumu@guh.kp,Aaron Ortega,User
fis@mokapu.edu,Raymond Byrd,User
ha@edepatu.sx,Gene Hayes,User
ne@muskinlog.li,Leo Hopkins,User
